R,G,B,Transparency,Distance
84,71,97,255,73.82998095066102
128,116,130,255,78.13861046244965
129,117,129,255,77.85996998692973
115,102,112,255,64.91988390925836
116,31,72,255,50.95750130398025
118,34,68,255,48.454234479956995
116,36,65,255,49.757444210631604
144,54,105,255,28.34800577038761
178,67,136,255,60.22975407282825
157,76,145,255,66.0951991626524
145,39,51,255,38.860229263070174
160,45,58,255,28.60684726037042
156,40,51,255,36.83707987235342
156,45,51,255,34.05604063894361
159,51,51,255,31.651999111767754
167,61,61,255,22.619373449016795
150,40,41,255,45.53334692825832
179,67,66,255,28.049235121520464
172,22,31,255,65.81169490460263
187,32,40,255,59.516182600435
208,66,65,255,54.93604817020805
201,85,86,255,51.28783707673681
185,61,71,255,31.077529487374836
154,26,41,255,53.5177979000799
167,23,50,255,50.944510896428795
213,70,98,255,60.73985850266394
179,45,82,255,29.26004839748033
125,113,137,255,81.90861069979324
125,113,125,255,74.12215585908439
131,117,130,255,77.83851320710833
111,98,108,255,63.36016405932345
109,31,70,255,56.87464735798452
117,36,69,255,47.86424999896103
120,41,70,255,42.552282642667784
116,42,65,255,46.87446420972933
119,31,81,255,47.95294391921054
171,62,129,255,51.06485107999891
157,69,130,255,50.10924440375153
151,41,54,255,34.13550108542156
159,45,55,255,30.877377042967264
153,40,46,255,41.001561775201175
159,49,50,255,33.323682136212526
165,57,57,255,25.80640334339804
159,51,51,255,31.651999111767754
148,34,34,255,54.78823843856021
194,86,83,255,45.418340112683204
205,62,68,255,51.12536801211426
178,29,35,255,60.608427872157336
179,39,40,255,52.21585468175555
177,58,64,255,27.436076462348094
168,42,56,255,34.085469467428645
142,9,30,255,74.4937064895907
146,4,30,255,77.55836207015058
192,49,77,255,39.06284028070464
190,58,95,255,37.802091774834764
127,115,129,255,77.17915658201149
129,115,128,255,75.83398756302863
125,111,124,255,72.15755492353091
97,84,94,255,63.79833155764488
113,38,69,255,50.13275513302871
114,38,66,255,50.067645995861184
114,40,65,255,49.433416625742595
111,42,63,255,51.78502972252117
151,50,110,255,32.342042718689974
179,61,135,255,59.51617365360106
154,71,141,255,61.27098328588559
125,35,89,255,41.700798661496925
133,29,46,255,52.789384560901425
149,37,51,255,39.24042187736008
167,51,60,255,25.994331647559157
153,38,43,255,44.601110506589116
158,48,47,255,36.37251440160389
166,58,56,255,26.916592185588758
150,44,44,255,41.0401275858822
173,59,59,255,27.879327977831917
185,46,51,255,44.74823972308271
169,31,31,255,59.98061681813744
183,53,51,255,41.35178900026147
196,83,87,255,46.09241141038709
179,59,69,255,26.399653397886407
149,18,36,255,62.97100483815752
172,27,56,255,45.93603757730774
211,74,100,255,60.13050464425201
124,110,133,255,77.70541334356197
131,117,130,255,77.83851320710833
127,113,126,255,73.93749523162101
114,100,113,255,64.84975061889277
112,40,64,255,51.42959719234306
122,28,80,255,47.813783441200044
169,60,125,255,46.702149782533766
179,58,137,255,61.489483726948826
160,70,140,255,60.3039537066093
165,74,144,255,65.41296077649831
132,25,41,255,59.01709338727301
168,52,63,255,23.774214288252367
156,39,45,255,42.31948138435012
155,43,42,255,42.921719069710406
162,54,52,255,30.27246269661751
155,54,50,255,31.4719012877844
148,29,31,255,59.968124794163124
204,86,86,255,54.40251763751962
209,83,84,255,57.606236127198876
172,39,40,255,49.44736399470459
164,32,30,255,59.371380890607625
213,88,84,255,63.21512921879021
193,88,84,255,45.738377840887146
158,32,46,255,45.84339522654285
147,9,32,255,72.407447117987
160,18,44,255,57.44199515241241
196,59,85,255,40.992366050222266
130,116,129,255,76.82326408062457
126,112,125,255,73.0324103863085
112,98,111,255,64.04256152551196
143,44,99,255,28.848771268147463
171,60,129,255,51.11244110420449
161,65,137,255,56.96665182813803
159,69,121,255,41.34194990562552
141,31,44,255,50.05027563795047
162,47,54,255,31.159732347628076
158,43,46,255,39.469893297947046
156,46,45,255,38.9219646897646
153,54,49,255,32.52416576548064
134,36,33,255,58.221449884772575
172,49,52,255,35.435225758490084
179,51,52,255,38.577795153018506
165,31,32,255,58.37026297201374
178,44,45,255,45.764075924412985
186,66,75,255,31.302387498508963
148,17,35,255,64.4850929753184
149,11,34,255,69.3893281904911
177,41,65,255,33.96048345478523
117,104,124,255,71.5756282544444
124,112,124,255,73.2603150068753
97,85,97,255,64.85003800328882
110,39,69,255,52.2421173396444
112,25,70,255,58.10280866459817
160,60,120,255,39.94999877852233
175,63,137,255,59.92469765096375
180,60,147,255,71.05448910219019
167,67,140,255,60.92876526307376
158,60,133,255,52.732887849774414
121,33,83,255,45.20536803414558
147,36,45,255,44.82592357964475
161,46,51,255,34.0208896526145
158,46,45,255,39.00429041496001
155,54,52,255,29.546037358615333
149,51,48,255,34.857434516356506
203,83,84,255,52.06949619837719
205,83,82,255,53.80669119066353
171,36,40,255,50.60758903569344
169,29,32,255,60.239363294749914
207,73,74,255,53.10308314662746
148,26,37,255,56.99064115998981
159,26,47,255,49.382752956046154
206,70,94,255,52.98019659216956
112,98,121,255,69.3821911688599
124,112,126,255,74.46852696163155
120,108,120,255,70.13553177769026
131,41,92,255,34.356169538592795
162,57,123,255,43.444715409041706
179,60,140,255,64.16249386200141
151,55,127,255,47.38140012273069
165,74,144,255,65.41296077649831
153,40,46,255,41.001561775201175
161,45,48,255,37.09609970423514
155,46,49,255,35.32261560865713
157,55,56,255,25.474062397134333
128,32,33,255,62.5157296999077
172,52,54,255,32.80013792305372
211,89,88,255,62.18746998100362
192,57,63,255,40.85389505374098
178,33,40,255,54.72545725564569
177,37,40,255,52.277555073771964
169,60,65,255,20.65086454487543
144,26,38,255,56.89768347977385
145,16,34,255,66.29397895948318
188,50,73,255,35.59027962952631
128,113,134,255,78.7712630378122
87,72,93,255,70.23590445497523
120,105,124,255,70.61347076379374
123,111,125,255,73.62432528413042
124,112,126,255,74.46852696163155
117,105,119,255,69.25619010451446
108,38,72,255,53.87936922387864
110,35,66,255,54.84735576445611
152,54,113,255,33.81156288498883
175,59,134,255,57.183590292872154
180,54,138,255,63.19124458988975
183,56,147,255,72.38154919856832
163,67,138,255,58.318059060873914
146,59,127,255,47.66795044173332
166,77,133,255,55.67842072526226
136,29,39,255,56.49455717379648
156,41,48,255,38.71443547599552
147,34,40,255,49.97005765710942
161,55,59,255,23.2484441486432
145,49,51,255,33.849731451473026
203,80,82,255,50.843274984373586
174,31,37,255,56.58777245420005
177,34,38,255,55.305957556804614
201,71,71,255,47.379557023078945
155,48,54,255,29.967381199401803
169,33,53,255,42.286842590704836
218,71,100,255,66.19233484782265
127,112,131,255,76.46831954052445
124,109,128,255,73.77223861640877
120,108,122,255,71.28450442184506
121,109,123,255,72.0312488088319
106,96,105,255,64.71169168999967
113,34,63,255,53.81036255275453
123,33,84,255,43.774244836777406
173,60,129,255,51.758061894684886
175,49,130,255,54.96635872938374
183,56,147,255,72.38154919856832
150,68,132,255,52.22453219920979
154,76,138,255,59.26419841612247
134,46,96,255,31.0610422377606
134,33,49,255,47.9158969427342
137,27,40,255,56.64758736493214
159,43,54,255,32.83338478435546
152,38,48,255,40.57426244568055
146,45,49,255,37.003371113405834
132,38,39,255,53.34718858758596
175,59,60,255,28.45902564078932
208,89,83,255,59.08840019091497
202,63,70,255,47.75182398823862
181,36,43,255,52.34440156038565
174,34,37,255,54.98983598462412
192,100,87,255,53.02214113299516
184,95,87,255,44.00957461729197
145,30,37,255,55.02349440934502
206,60,83,255,50.72013100218599
119,106,123,255,71.12228482837885
126,113,130,255,76.84738797936886
115,101,118,255,67.46470110718403
127,115,129,255,77.17915658201149
118,106,116,255,67.70867445333096
152,44,104,255,30.0223249530774
177,55,128,255,52.78863812485592
178,54,140,255,64.29001330132589
143,63,126,255,47.28256951604595
147,72,131,255,52.238009573015646
132,29,48,255,51.95189320434584
144,32,48,255,45.72961065417951
154,39,52,255,36.69101122110651
156,51,58,255,25.03863374520912
148,49,52,255,32.166305336423925
135,25,26,255,68.97812818649209
195,77,75,255,42.61412986024457
210,91,85,255,61.898945917562436
183,40,46,255,49.36960704679064
181,32,38,255,58.00381221962827
193,55,55,255,45.93647806359808
177,94,80,255,38.43322987373649
192,82,83,255,41.69095252863291
147,20,31,255,65.50458085305235
176,33,53,255,45.02922085060383
219,71,97,255,66.32421300660066
107,95,107,255,64.23184390896779
122,110,122,255,71.63123122160472
112,100,114,255,66.64321943253978
129,115,132,255,78.40771119964461
123,111,125,255,73.62432528413042
122,110,122,255,71.63123122160472
117,104,113,255,65.45523599308812
113,39,62,255,51.712229618087406
119,21,70,255,55.95636950743787
162,50,114,255,36.376745018250126
173,55,133,255,55.955598705331475
181,58,148,255,72.4296526677957
148,66,130,255,50.31263553862688
144,69,128,255,49.43428912480764
151,73,133,255,53.89523873313381
164,69,125,255,45.94747725952636
146,34,50,255,42.511619107797436
154,42,54,255,33.26295428315939
158,53,58,255,24.341033163809563
127,33,34,255,61.73185043995087
166,54,52,255,31.388734741059828
205,87,83,255,55.512869262317345
202,84,80,255,51.44529085212503
195,56,63,255,43.6931923091129
185,34,41,255,56.77272155288207
169,23,26,255,68.40983475199921
183,95,85,255,43.106232001123836
181,60,65,255,29.949127186453126
150,14,28,255,71.39558351859665
208,65,85,255,52.87984708516135
96,86,95,255,65.63079078042237
108,98,107,255,65.08182165524542
126,116,127,255,77.0097102977684
86,74,88,255,70.80107770893642
131,117,130,255,77.83851320710833
128,114,127,255,74.87171318607436
131,118,128,255,77.29757483556892
100,88,98,255,63.59324161398565
109,40,61,255,54.96952641945173
136,36,88,255,33.48978602030999
164,53,122,255,43.48953892131042
173,56,137,255,59.62024171726608
177,62,147,255,70.0375242178796
143,63,124,255,45.355855488691546
148,68,129,255,49.520246350054336
134,41,96,255,33.94031370533742
138,30,46,255,50.22276526708512
141,29,41,255,53.48982222675781
155,46,52,255,32.686676227936054
142,43,46,255,41.59987732247843
136,28,26,255,67.11107141248233
186,71,68,255,34.16102718502149
203,85,81,255,52.779145362079696
216,83,88,255,64.52059842190937
186,39,47,255,50.88866562917409
177,28,32,255,63.07038561729309
191,59,55,255,43.84084216581104
178,89,75,255,35.45783402096422
160,30,40,255,51.859729871863344
188,51,67,255,36.98342108861455
213,76,96,255,61.255651156200024
94,84,92,255,66.17489216776745
97,87,95,255,65.10128306178804
115,105,114,255,67.7700903792209
112,100,110,255,64.71741025779966
126,112,125,255,73.0324103863085
122,110,122,255,71.63123122160472
113,28,67,255,56.099184337573945
150,49,107,255,30.207610630387826
163,51,123,255,44.724029605226484
171,58,136,255,57.92280544560446
149,60,126,255,46.12137591336532
146,61,126,255,46.595353878288265
140,54,119,255,42.38151756051149
112,22,76,255,59.32700534506446
131,30,46,255,53.055371801084625
134,27,37,255,59.82971269929148
146,37,43,255,46.056885415795556
147,45,49,255,36.762169977955146
133,37,41,255,51.84640065389199
154,44,43,255,41.603832356258756
203,87,87,255,54.076231600668834
208,90,86,255,59.75566380361394
208,93,86,255,61.208213720856754
194,55,60,255,44.24462754889768
181,36,41,255,53.79078565875624
172,30,29,255,62.874803809273445
209,80,75,255,56.73250816133673
182,63,65,255,30.73863948273435
165,40,48,255,40.4240996648514
206,75,91,255,53.263618465432835
210,77,98,255,59.251061074040486
94,85,90,255,66.1906133117291
93,83,91,255,66.61903721252546
96,86,94,255,65.41526444186593
122,112,121,255,72.41496247358255
95,83,95,255,65.52470496266584
128,114,131,255,77.42576406645966
121,108,125,255,72.59765745389204
110,104,114,255,70.26505618907436
133,41,88,255,31.777133523502325
153,47,111,255,34.27770221087769
165,55,126,255,47.176906949998234
174,61,141,255,63.42396902191941
166,70,141,255,62.03270682070046
145,54,123,255,44.63414472404939
140,51,119,255,43.06375460226853
161,71,141,255,61.51086950239508
163,67,131,255,51.41292519763208
131,28,37,255,60.39486905839534
135,30,34,255,60.03979205748433
145,40,44,255,43.87458231395435
155,54,60,255,21.975425713994326
186,74,73,255,33.61400349474807
202,84,82,255,51.46946379930906
206,87,81,255,56.35067496080344
214,84,86,255,62.77398523612496
183,43,46,255,48.09432575930408
180,31,35,255,60.32357950908957
186,44,43,255,51.628715209075494
192,83,80,255,42.09480470851003
178,63,68,255,25.78303542478986
188,64,75,255,33.09255835347844
210,77,96,255,58.687311111270276
88,79,84,255,69.54908974840757
92,83,88,255,67.15025556168234
90,80,88,255,68.19850010263019
110,100,108,255,65.20306819532688
107,97,106,255,64.87390288608641
122,111,128,255,75.91485516817369
123,115,128,255,78.12520504497766
85,80,87,255,72.90921204570778
139,39,93,255,31.098460146608502
159,53,119,255,39.86941217947734
168,56,132,255,53.50061215953953
178,60,148,255,71.33420611862397
157,59,132,255,51.746857167224036
147,54,125,255,46.142279567001154
146,56,128,255,48.93640061847957
144,43,101,255,30.403590811716974
136,31,35,255,58.39346594095745
152,49,56,255,27.937025177707568
128,31,42,255,56.54947089049542
150,40,39,255,47.27364942079767
192,74,72,255,39.35610957488543
206,83,78,255,54.757576450768546
210,88,83,255,60.44241625290249
197,62,66,255,44.0187932546138
193,38,46,255,56.411855111129974
189,34,38,255,61.00197500126227
199,67,62,255,47.559830105643044
200,97,88,255,57.074920922915666
182,62,72,255,27.89269442710644
209,78,96,255,58.022077762135034
95,81,81,255,63.25294704400878
97,86,90,255,63.78392418057692
93,83,91,255,66.61903721252546
121,109,119,255,69.73897976815084
84,72,82,255,72.08173576091214
94,83,97,255,66.91611947536575
125,114,128,255,76.6380734927961
114,106,117,255,70.51154374827541
109,40,61,255,54.96952641945173
122,33,77,255,44.500221438193286
150,51,106,255,28.484965222455322
161,54,122,255,42.79352383818295
172,54,138,255,60.52662266281042
149,51,124,255,45.492585685479426
139,48,118,255,43.43189318877213
165,72,142,255,63.12868052183069
138,35,44,255,48.64855443508385
144,42,55,255,34.38882560936882
180,66,65,255,29.260121190347046
204,82,79,255,52.49430473553279
205,84,76,255,54.35315490564768
214,86,85,255,63.415035489642385
187,34,39,255,59.22051582902408
192,37,41,255,59.382671352255834
179,41,38,255,52.94473635224997
195,85,88,255,46.32152824064389
198,74,85,255,44.44456953663038
122,89,80,255,42.81177388065836
97,69,65,255,60.766967512260294
100,86,86,255,60.547803273208665
88,77,85,255,69.15332516303667
102,89,99,255,62.57258410037246
118,106,116,255,67.70867445333096
127,113,128,255,75.1880373068391
92,89,98,255,71.04229534029406
136,50,95,255,27.188868389071835
149,48,106,255,29.991323840492935
168,52,125,255,47.47982314427694
179,55,141,255,65.45399945439897
158,56,130,255,50.07745072585592
133,38,106,255,41.76685194075301
145,53,120,255,41.98698078879414
169,70,127,255,49.18602899398703
143,40,51,255,38.862202369538494
150,42,42,255,43.711176364233765
193,78,73,255,41.44429593381613
208,91,82,255,59.986102897663635
200,88,76,255,51.70591716547122
190,52,49,255,47.81597729440502
184,41,37,255,56.12432244226279
181,43,40,255,51.52849285582549
199,65,62,255,47.400422566533486
194,81,85,255,43.179508114854464
206,76,88,255,52.99858595032582
219,72,98,255,66.72116453948557
112,75,57,255,50.923476761421426
97,78,74,255,60.8271110581263
91,80,86,255,67.04293647395998
89,76,86,255,68.04458270284849
111,97,110,255,63.70580391500592
121,109,123,255,72.0312488088319
115,109,121,255,73.96463374911974
113,36,72,255,50.54589386319619
142,48,98,255,26.307314949825724
162,51,117,255,38.86602497827123
175,54,133,255,56.75275915618116
182,57,148,255,72.85391934009664
141,41,111,255,39.93816114323464
128,36,101,255,43.163350424513204
156,66,130,255,49.76969596748342
141,40,96,255,30.738085145992326
125,26,47,255,57.87569080920319
131,30,44,255,54.37264683664644
134,31,40,255,55.34077078841708
131,34,43,255,52.80545055145104
171,64,58,255,27.339370275249067
190,79,68,255,40.40242529884893
200,88,77,255,51.630860407191506
206,92,82,255,58.740836693748896
211,82,76,255,59.18085902042497
178,41,35,255,54.95639917502472
180,40,39,255,53.019128260556734
183,43,44,255,49.54368191115203
208,84,92,255,58.11015810356568
211,74,90,255,57.647539619043364
217,73,98,255,64.97589670129759
145,99,66,255,40.839894357038084
97,73,61,255,62.46537917248393
91,79,81,255,66.55048653942335
88,72,83,255,68.15314503158898
100,86,99,255,63.09680558671244
106,97,102,255,64.1672821777925
118,101,117,255,65.14495392747041
128,114,129,255,76.13318060048738
128,116,130,255,78.13861046244965
106,98,109,255,67.37741407497441
134,45,91,255,29.444868355597766
152,48,109,255,32.137736981517214
163,49,124,255,46.20979680113088
174,55,139,255,61.92495420256413
179,56,147,255,70.95250519508278
164,62,135,255,55.29582805679831
132,37,103,255,41.16991539729388
143,53,115,255,37.91136818915522
123,23,75,255,51.14980666525293
133,32,48,255,49.62774370787901
129,28,36,255,61.94256207692039
140,40,48,255,42.17719929562777
143,42,37,255,49.4367665073488
179,70,63,255,30.327117103293975
201,86,81,255,51.43725828408943
203,84,80,255,52.35289503543589
206,91,88,255,58.71439741811009
190,52,50,255,47.16578803628092
181,39,38,255,54.68476079019479
183,38,41,255,53.842374923857214
198,55,57,255,49.12927954361047
211,80,94,255,59.94686372581596
120,86,61,255,46.84114563325358
95,74,69,255,62.578174801677996
98,83,90,255,61.79717292334394
88,76,86,255,69.02070390450359
101,92,97,255,64.2054431541863
84,75,78,255,72.57070479701987
125,108,124,255,70.16414085738414
124,110,123,255,71.314041382119
121,36,77,255,43.37935120082074
141,44,98,255,29.147768212237246
152,45,113,255,37.04191644425183
165,51,129,255,50.814539438809994
179,57,144,255,68.05949642894167
146,49,118,255,40.96769105256194
141,49,112,255,37.17324458174285
145,55,116,255,37.80302144132089
169,68,128,255,49.86353321285971
133,33,43,255,52.4620077132886
133,33,41,255,53.90523629834587
129,33,44,255,53.6066736409466
166,61,58,255,24.79307883465636
195,77,77,255,42.40815743078724
202,79,81,255,49.53804978846895
217,81,81,255,64.40707083085648
179,34,37,255,56.87636064547387
192,43,47,255,53.13357748440291
190,44,47,255,51.413329117298325
216,77,80,255,62.38224481718836
205,72,89,255,51.28948782239282
171,118,78,255,57.974373317090425
112,75,57,255,50.923476761421426
96,85,81,255,63.61931890445853
90,79,87,255,67.83968491737178
104,89,96,255,60.02509464439413
124,111,118,255,69.14507795949622
130,112,126,255,72.14435192185887
115,99,112,255,63.12594756915767
128,40,88,255,36.08571997641867
145,47,108,255,33.20493784983798
158,48,121,255,43.11619953399001
173,54,136,255,58.91682243442205
181,54,145,255,69.99320106839782
159,57,131,255,51.017362784569016
138,46,109,255,37.21275869723547
135,46,104,255,35.17025766670139
165,70,134,255,55.028555428259985
143,43,97,255,28.27003998330028
129,31,44,255,54.72237274328724
132,30,41,255,55.998756792997966
139,39,41,255,48.56369680476726
180,63,69,255,27.1187043872592
199,76,81,255,45.734989924153275
204,85,89,255,54.36724073003667
199,94,91,255,54.994222330449205
186,41,46,255,50.68086219911076
182,31,36,255,60.42841597060966
186,33,38,255,59.88363099181522
194,49,54,255,48.587155376494856
208,84,95,255,58.78368910007581
212,79,98,255,61.613642596868324
150,97,63,255,39.25641731191874
97,80,64,255,63.20313327063846
88,78,86,255,69.4477857650253
100,84,95,255,61.29513838142792
90,69,76,255,65.89274093268736
91,80,86,255,67.04293647395998
91,77,90,255,66.76844139727382
110,34,73,255,53.957120748861655
136,46,98,255,30.817063995258444
150,45,111,255,35.54153183911785
163,46,124,255,47.15547953434749
176,49,136,255,60.76982407811358
182,53,145,255,70.48891525223628
144,49,115,255,38.77118447148518
141,50,111,255,35.97464282471192
149,55,117,255,37.870080241317254
129,30,77,255,41.78537198448882
130,33,44,255,53.12139989287357
134,31,42,255,53.89887442595407
164,50,58,255,26.907728101493692
193,74,80,255,39.40890813403244
193,77,80,255,40.40752542044795
200,92,89,255,54.32261982215297
216,76,79,255,62.166967932105656
176,27,33,255,62.52472359435825
178,24,32,255,65.66434686542077
188,39,45,255,53.41894675162078
219,83,85,255,67.073086961338
205,77,92,255,53.04890800907768
121,92,60,255,49.85447679073622
93,83,73,255,66.17934982126995
85,78,85,255,72.29196406244361
88,76,90,255,69.46101837239685
98,75,83,255,58.86114104653964
113,103,114,255,67.75863365175553
109,95,108,255,63.16952575311599
120,38,84,255,43.039574327756526
144,45,102,255,29.89581226363214
155,42,112,255,37.53367328554399
170,47,127,255,51.170237870509155
179,51,136,255,61.45512103862016
161,64,135,255,54.937628065687434
147,52,116,255,37.997074825158386
142,46,110,255,36.32993197419334
165,66,131,255,51.66367701533374
169,68,124,255,46.058619590828684
125,28,47,255,56.64567915414361
135,32,43,255,52.21215278722536
137,36,42,255,49.98554909230153
139,32,40,255,53.030254951396486
179,66,72,255,25.33089338322739
186,73,75,255,32.891036678367804
196,84,83,255,46.1530451201536
200,91,88,255,53.629604303798445
205,93,89,255,59.01316847192803
198,55,59,255,48.20968638565148
172,21,28,255,68.68681727032984
183,32,39,255,58.19880964364718
196,53,57,255,47.750742327415914
209,78,96,255,58.022077762135034
159,112,66,255,51.944174751196584
110,83,62,255,53.20295154496751
82,74,85,255,74.47973082945026
98,77,84,255,59.38025919408445
98,73,76,255,58.56440394863312
131,118,128,255,77.29757483556892
93,86,94,255,68.15081671414042
138,46,95,255,27.917291046198265
153,45,107,255,31.79383561020314
164,44,116,255,40.9238136778528
175,50,128,255,52.92807883472155
181,57,141,255,66.0134740809133
144,47,118,255,42.152093595967585
136,39,106,255,39.64418764877795
143,44,109,255,36.12049789697158
153,54,108,255,28.91729707520336
131,29,42,255,56.314547685284516
141,40,46,255,43.38935416926698
156,54,58,255,23.84615797385954
185,77,77,255,33.262217895957285
185,73,72,255,32.60185572407092
198,85,81,255,48.31769703217851
201,86,83,255,51.50028439448441
205,90,87,255,57.239498861188274
167,22,27,255,67.83189030021984
174,25,31,255,64.57012151117031
182,37,42,255,53.07041413139769
211,75,79,255,57.07122631517094
205,80,94,255,54.42775453912988
148,98,65,255,39.64476519956637
91,77,68,255,67.22097503314025
98,81,87,255,60.753778250681734
99,78,83,255,58.622074880711985
120,109,117,255,69.15800661125417
118,111,119,255,72.5950389220872
118,33,75,255,47.759305733993585
157,42,107,255,33.46599144575877
161,41,113,255,39.315363702555416
172,51,130,255,53.514623879497705
162,61,139,255,59.00525468791057
142,42,114,255,41.45557504996673
139,40,107,255,38.35488474870673
166,66,128,255,48.934768427809914
133,34,89,255,37.04118330674511
138,38,48,255,44.015490736423146
126,29,40,255,59.98168211555416
165,64,62,255,20.812752497319785
184,72,70,255,31.962742152340628
199,81,79,255,47.49784206585586
202,83,79,255,51.04708987101584
202,84,82,255,51.46946379930906
193,57,59,255,43.56917376926508
162,19,23,255,72.13491129056774
177,32,37,255,57.108385414219654
192,51,57,255,44.857166001666435
123,95,71,255,47.034805229068574
86,74,76,255,70.52564134536436
92,80,84,255,65.9429696469185
93,88,95,255,69.07904946841973
135,42,87,255,29.47077135171859
149,44,100,255,27.52710457959556
159,47,111,255,34.38323538074022
169,53,124,255,46.614011704368124
176,57,137,255,60.479458626181255
145,43,119,255,44.37314253392223
143,42,112,255,39.52574626147375
149,49,113,255,35.773668124074625
164,63,129,255,49.383540089759734
125,27,78,255,46.58030106313579
146,42,59,255,30.88660175726904
136,32,49,255,47.68416744784517
143,45,42,255,43.85110415156365
178,69,66,255,27.634929045727638
192,72,71,255,39.03232127627527
197,75,72,255,44.322797628583665
201,83,79,255,50.135792768918485
201,89,85,255,53.0892937976101
168,32,36,255,55.14757291640375
170,27,33,255,60.81196472867097
184,39,46,255,50.388461750586345
210,71,76,255,55.47892226431109
168,116,76,255,55.41461743253433
109,81,60,255,54.04369761816997
82,77,81,255,74.87296487289395
98,83,88,255,61.51750017994088
107,95,109,255,65.08623145393078
128,118,127,255,77.69200857103108
115,31,67,255,52.77537199387514
138,42,88,255,27.73793870720189
150,47,102,255,26.984124545439816
157,48,113,255,35.620892504380365
165,51,126,255,47.951911213062246
179,62,143,255,66.92305005135401
159,52,132,255,52.74629590291074
143,40,113,255,41.368963170461946
135,34,100,255,39.96432455746891
157,59,120,255,39.78455364979229
149,49,109,255,32.1679938012015
132,24,48,255,55.282508599343814
142,33,56,255,40.33982718022013
130,31,49,255,51.02906160913126
164,59,56,255,26.051032407908245
185,67,67,255,32.83670924067205
192,70,69,255,39.11389741631522
198,83,80,255,47.4048371987224
198,86,82,255,48.82020496734484
192,64,65,255,39.7430412105271
157,18,23,255,72.45576856361461
174,29,36,255,58.470460359674824
187,42,49,255,48.908667743721075
149,103,69,255,42.822120823201956
92,79,63,255,67.84382912253531
93,76,82,255,63.92120462158086
110,99,107,255,64.20769062600115
120,36,72,255,44.83682705712906
133,40,87,255,32.23311415935986
143,39,98,255,31.672768693916446
156,46,115,255,38.235986816269644
176,59,138,255,61.279247485359896
147,41,116,255,42.30274345966668
135,34,102,255,40.983350159099494
137,38,102,255,37.31387256919343
172,71,139,255,61.557969906909314
139,43,89,255,26.691074875626285
140,30,59,255,41.61624539254111
143,41,62,255,30.684232175734355
140,39,37,255,51.55254415855434
178,64,64,255,27.970664989494267
187,69,69,255,34.26791418134516
192,77,74,255,39.98871320868647
198,86,82,255,48.82020496734484
199,92,84,255,52.92938667969731
163,28,32,255,59.740825184050145
172,27,32,255,62.09884470068713
181,32,38,255,58.00381221962827
208,63,70,255,53.6235274911442
124,94,68,255,46.35925205586505
94,74,75,255,62.74777727189768
101,80,85,255,57.415922285576876
93,77,90,255,64.84165406653695
122,37,78,255,41.91405903627025
133,36,89,255,35.54133707326704
142,36,100,255,35.37991367496269
163,49,124,255,46.20979680113088
177,55,140,255,63.824500253812225
160,51,130,255,51.0815324377074
141,39,112,255,41.78711777301238
132,35,104,255,42.96589845555387
147,52,118,255,39.87813245623888
163,63,123,255,43.301998860091146
133,34,81,255,36.02913056193977
142,40,64,255,30.679528994356204
125,33,46,255,54.399747617512794
165,56,59,255,24.24643306457563
181,66,69,255,28.272563832498825
181,67,67,255,29.281714479004123
195,83,79,255,44.74764474447971
192,85,77,255,43.24787086373525
199,92,84,255,52.92938667969731
196,68,69,255,42.56278024082608
169,29,32,255,60.239363294749914
180,26,34,255,63.77967480197664
196,45,52,255,52.443917566586094
168,120,82,255,59.1651742527939
110,79,61,255,52.134781252523254
93,74,78,255,63.5437448866922
90,74,77,255,66.53525858194142
133,117,127,255,75.3426694799399
119,103,114,255,64.17537254073866
115,38,72,255,47.837643149348885
129,40,86,255,34.95567337385283
130,29,87,255,42.33314368389293
147,34,106,255,39.026945933549655
171,49,132,255,55.52438810081054
183,56,147,255,72.38154919856832
147,45,121,255,44.91120402437879
136,38,111,255,43.59257169010897
126,30,101,255,48.24155204624936
157,53,114,255,34.898929922738006
132,25,77,255,44.08851170767458
131,31,59,255,45.0179026730853
129,35,51,255,47.96373603347553
141,40,44,255,44.99053569693785
169,60,65,255,20.65086454487543
176,61,64,255,26.348371756215254
190,76,75,255,37.63451919437518
190,81,74,255,39.88679742730298
196,85,78,255,46.620305464863286
205,87,85,255,55.64320629388448
174,35,38,255,53.69073130602741
174,20,28,255,69.79774718495644
186,32,40,255,58.99125633173693
198,59,62,255,46.51000162523355
153,97,72,255,35.85922742532688
99,71,60,255,60.604931102752936
90,77,84,255,67.14427630188307
89,78,86,255,68.47775270404601
124,39,80,255,39.04905649922348
132,33,88,255,38.19723846657102
143,30,100,255,39.705589264036384
161,40,120,255,45.769381339697304
176,49,138,255,62.60558498579436
181,52,142,255,67.5068825099819
162,59,140,255,60.07267745870682
135,38,117,255,48.41041104567904
118,24,100,255,56.95550881994249
141,47,121,255,45.704568926107314
144,43,99,255,29.084198137780476
118,19,63,255,59.73326632019493
133,36,55,255,42.812321137361586
133,40,50,255,43.79440853842355
154,49,54,255,29.53650213404556
175,62,66,255,24.312249371388624
181,67,67,255,29.281714479004123
191,80,73,255,40.476557538631695
196,83,77,255,45.73916948285293
202,78,78,255,49.26173014984361
200,64,66,255,46.897916190157254
176,22,30,255,67.67396826460448
175,20,28,255,70.07091536312855
175,35,38,255,54.04537256701689
211,86,84,255,60.585475540705225
135,94,72,255,38.683848077517396
97,74,68,255,60.84570174226197
87,70,76,255,68.97680040798653
131,114,122,255,70.77553995760859
114,37,71,255,49.37023260824934
137,45,92,255,27.746479995446172
143,37,99,255,33.70861570890985
149,32,103,255,38.28379336976421
163,40,120,255,46.05704727489476
179,51,136,255,61.45512103862016
186,56,142,255,69.0832272354009
135,36,116,255,48.705098716208205
124,30,106,255,51.76921276868469
124,30,104,255,50.80909010955321
154,58,129,255,48.824316728464105
162,60,125,255,45.16234183685356
150,51,105,255,27.58893559491133
125,25,53,255,55.30361792263307
137,38,56,255,38.975720246726844
132,37,45,255,49.343865868915834
136,39,48,255,44.31158741684549
169,62,70,255,17.11183710079386
168,58,59,255,25.172403535251213
187,78,71,255,36.54990979648656
197,82,75,255,46.38127693033342
205,81,81,255,53.045063485977764
200,77,79,255,47.0104021282655
183,36,42,255,54.05652443242942
163,12,19,255,79.66615817335166
167,24,28,255,65.86764454842056
186,53,54,255,41.44062120806112
128,79,62,255,37.01374490486072
89,72,82,255,67.13281588734459
98,90,103,255,67.66122823319725
130,48,86,255,29.642137060574534
134,38,86,255,32.799391145049285
144,35,93,255,32.091709237199524
157,38,104,255,33.866889341527084
175,48,125,255,50.769208380177005
185,52,141,255,68.23317360843402
163,62,138,255,58.12187679478652
137,40,111,255,42.06729554512166
118,23,91,255,55.21925757074054
135,38,107,255,41.3657966557924
171,65,140,255,61.69284988730515
160,57,126,255,46.149318422944646
150,47,103,255,27.79184869612188
130,27,54,255,50.80265495667275
141,40,54,255,37.37093880197119
148,55,65,255,18.52710807458473
169,69,71,255,17.861681782501766
168,61,53,255,30.16442791174938
190,78,66,255,40.66078610903352
197,75,72,255,44.322797628583665
204,84,83,255,53.32696237098049
199,90,85,255,51.909791663630756
210,77,78,255,56.61987909836262
161,18,22,255,73.4467507287169
168,21,27,255,68.60615365502457
175,32,36,255,57.155126390302684
206,73,74,255,52.13184988033707
226,117,32,255,101.62018834510319
166,101,73,255,40.879120696269965
106,63,56,255,55.08980233642854
92,70,73,255,64.29701162409017
121,105,115,255,64.90204182351947
125,34,75,255,41.8207322796998
141,39,89,255,28.64531467964981
152,37,96,255,29.856459153802167
164,40,110,255,38.01342534908269
174,44,130,255,56.03792888532229
182,53,146,255,71.40679974555135
146,46,118,255,42.03148391254612
122,25,94,255,51.82534213273433
133,36,103,255,41.23834273411237
156,57,124,255,43.93678603456531
158,51,129,255,49.966626304534216
165,60,129,255,49.6108418517666
124,20,73,255,53.12547944638425
141,38,59,255,35.36479985904913
135,37,50,255,44.43714082168276
153,58,62,255,19.007012210235946
171,68,61,255,25.54305300514271
178,67,56,255,33.58739582830842
194,75,71,255,41.73300264736734
199,81,79,255,47.49784206585586
195,86,81,255,46.20114212218514
201,96,90,255,57.56451449392679
185,49,51,255,43.75055460907916
157,10,16,255,82.90706690100093
171,24,30,255,65.12960173540324
180,40,43,255,49.96001868861401
217,99,25,255,90.63581032204695
133,85,65,255,35.457008059173596
86,78,76,255,71.30316155373725
120,106,119,255,68.2759954968317
121,35,72,255,44.65400360759025
140,41,87,255,27.036937929942756
146,36,89,255,29.152809838277477
155,36,100,255,32.74809875640102
165,39,120,255,46.91586351170895
174,47,134,255,58.76164607889463
176,54,141,255,64.55257044677404
161,57,132,255,52.186497462657044
132,32,104,255,44.92618790644747
131,31,101,255,44.663792635478
137,38,105,255,39.12871982959546
162,56,130,255,50.4438474159837
161,55,117,255,37.74433719464895
145,46,66,255,24.0365637314105
130,38,41,255,52.744620082666735
163,62,58,255,23.635618143015506
171,62,57,255,28.1080043829361
179,66,62,255,30.15319875152876
187,74,70,255,35.289903220093905
190,81,76,255,39.616213371993936
194,87,81,255,45.879260627854144
209,73,75,255,54.941756903153475
162,17,22,255,74.1354447632309
164,17,23,255,73.55761947051877
170,25,30,255,64.31349815222663
201,63,63,255,48.80903493434208
217,92,26,255,87.40202033435766
228,116,44,255,97.40346935419467
175,116,82,255,57.26863677530211
112,75,56,255,51.390238460302015
111,95,105,255,60.432381137465306
114,33,65,255,52.949804991362505
132,37,77,255,34.563291882399135
138,32,80,255,34.86768319018963
150,36,95,255,30.49885655527479
159,39,111,255,38.596079522156295
167,44,124,255,48.675790089623504
172,50,133,255,56.51528915489357
179,60,144,255,67.89551623228638
150,46,121,255,44.070488313724326
128,26,99,255,49.0805477351487
135,36,103,255,40.1872647354778
153,54,121,255,41.51361781598628
165,58,138,255,58.56870441821482
170,63,133,255,54.61644023592144
148,39,94,255,27.914639699254323
137,43,61,255,32.91154207192311
146,46,48,255,37.410884611139046
167,62,59,255,24.325233655471536
173,64,59,255,27.750682495656836
186,74,70,255,34.397232469371204
190,81,76,255,39.616213371993936
195,86,79,255,46.217505130261
186,46,49,255,46.7346217821163
156,9,15,255,84.30042412606976
174,27,33,255,61.8944724921995
176,31,36,255,58.03746591924269
222,93,35,255,86.27233087995465
215,98,31,255,85.27209007618443
152,102,67,255,42.11057577340045
130,110,122,255,68.26928026701346
115,28,62,255,56.03850851408112
129,31,72,255,41.72968511331389
139,33,82,255,33.54130948260005
152,38,100,255,31.352070891024074
158,41,112,255,38.1684548207679
169,51,127,255,49.844361129181365
170,51,133,255,55.750616704156904
168,59,140,255,61.024360573852796
130,27,100,255,47.645860974544675
130,30,100,255,45.47344431965957
133,37,101,255,39.530770908538045
160,52,128,255,48.92242730437393
178,67,133,255,57.47078950458572
134,26,76,255,42.29109851602982
137,39,64,255,33.847104315754244
126,35,52,255,49.09318534744261
128,32,36,255,60.273942042186796
159,59,59,255,21.916878889401886
166,63,58,255,24.77567634380903
181,74,68,255,30.783818963299048
183,74,69,255,32.098328957949704
193,80,74,255,42.083380592648986
198,83,78,255,47.46294172202906
210,91,87,255,62.080329079620434
210,74,76,255,56.03228431803412
161,18,22,255,73.4467507287169
165,16,22,255,75.07408663008229
167,16,23,255,74.58403110095809
209,55,63,255,56.81050705906512
227,102,46,255,88.83554618557093
209,89,26,255,80.91814225738808
220,115,34,255,95.45033811171871
120,81,48,255,51.517754994955176
111,90,105,255,57.872525774020254
93,87,97,255,69.16526684899857
125,35,70,255,42.09896621277716
129,30,74,255,42.134139156853934
140,33,87,255,33.681545271272874
148,36,98,255,32.44220314819788
164,48,119,255,42.044796535552045
165,47,125,255,48.11306633480862
180,58,145,255,69.27564715289871
139,35,110,255,43.43944478236703
119,19,89,255,57.15427858947554
131,35,99,255,41.020011945874884
149,53,117,255,38.301509073300416
173,64,145,255,67.00055040748992
165,53,125,255,46.564785973015866
176,66,127,255,51.11207647841508
122,16,62,255,59.9077943965056
135,42,63,255,33.56595490853056
150,54,56,255,26.28508114493545
152,53,48,255,33.83490984838977
168,65,58,255,25.833831576987
176,67,62,255,28.020725933675486
192,77,74,255,39.98871320868647
196,77,73,255,43.83701607715527
208,86,83,255,57.79042279508067
210,86,84,255,59.66902193568923
188,50,50,255,46.20669697596257
169,16,21,255,76.46375139766094
183,23,31,255,68.8333656111647
210,92,30,255,80.04145794688749
221,101,25,255,94.2062533160739
118,102,115,255,64.6525015709326
87,73,86,255,69.46901344811216
116,36,63,255,50.41146200464205
124,34,69,255,43.71844830152087
130,33,76,255,38.95750471266029
141,37,90,255,30.588568932998342
152,40,104,255,32.60468118544924
161,43,119,255,43.500557031397285
174,50,136,255,59.90930539671997
179,54,146,255,70.22020177130105
158,51,129,255,49.966626304534216
123,23,93,255,52.408897128737415
126,30,94,255,45.68960722725376
130,35,99,255,41.62251448805188
161,50,126,255,47.56034512031048
164,57,113,255,34.13824640769714
123,30,49,255,55.42510951266819
128,36,37,255,57.61481342634551
142,47,43,255,42.52167593399477
157,56,51,255,30.071201552104984
180,68,64,255,30.117240839777565
193,75,73,255,40.397074091599606
203,79,79,255,50.49493332650129
210,86,84,255,59.66902193568923
210,88,85,255,60.562145234608224
211,89,84,255,61.824800175826944
212,80,78,255,59.3795597395602
163,20,22,255,72.44292862841223
168,15,20,255,77.67679861780798
174,13,21,255,79.33497051221424
209,97,33,255,79.5487423056074
218,89,21,255,90.34597596821864
233,112,33,255,103.66058450250384
149,106,64,255,47.18284348958663
97,83,98,255,64.44093361599158
120,116,130,255,81.2894894998696
116,36,63,255,50.41146200464205
126,36,71,255,40.48880327295872
138,39,85,255,29.376104984221065
142,34,92,255,33.3264144447243
157,41,112,255,38.113295261278196
165,41,125,255,50.33343830459643
174,47,138,255,62.43321676606587
174,51,141,255,64.39652898670026
173,64,143,255,65.07369669826628
140,38,111,255,41.96597404426362
115,18,85,255,60.06859990214291
127,32,96,255,44.30996512560904
149,49,119,255,41.318501785972046
161,51,122,255,43.46929505066298
141,37,90,255,30.588568932998342
132,36,64,255,38.76702286242603
135,44,41,255,47.94210494855307
146,47,42,255,42.34004863835024
172,60,58,255,27.953069140890683
180,60,61,255,31.3969273280272
194,70,70,255,40.725375173491194
201,77,75,255,48.241165721151106
206,87,83,255,56.40821147197248
204,87,80,255,54.55950289922497
210,91,85,255,61.898945917562436
214,89,85,255,64.60009904357842
187,49,49,255,46.454694177624596
158,9,13,255,85.89813205401998
174,14,22,255,77.96698091329478
218,115,46,255,88.8103497783341
217,85,20,255,89.21697747105424
226,95,25,255,95.53242570946972
116,84,59,255,49.83610257823953
126,112,127,255,74.27126442819477
100,88,102,255,64.81570708425583
118,35,63,255,49.408118227806256
123,31,68,255,46.65988756318707
139,37,87,255,30.797947732155162
151,41,104,255,32.053490567627804
156,35,112,255,41.7253336399682
162,38,122,255,48.60446799099045
174,50,138,255,61.77064534263915
175,57,141,255,63.925994351606576
158,55,128,255,48.23582307969912
123,26,93,255,50.20357127275032
126,29,96,255,47.026155184253795
124,24,94,255,51.30022156426209
169,66,139,255,60.298567191815025
169,62,134,255,55.32109057747168
161,54,122,255,42.79352383818295
143,43,41,255,45.5361183968865
161,49,48,255,35.41744448220313
181,61,63,255,30.96822817659326
190,66,68,255,36.945405651894816
190,66,66,255,37.66265054207436
200,82,78,255,48.85260977958229
201,88,80,255,52.38974177748442
197,84,76,255,47.16570900923993
210,80,78,255,57.47622795035126
163,20,22,255,72.44292862841223
164,11,16,255,82.71398978615586
220,92,29,255,87.75230932069725
219,85,22,255,89.28926115419763
228,116,42,255,98.16795856747197
95,78,94,255,63.893658789435804
98,87,101,255,65.83196778775962
116,31,60,255,54.23781357662995
127,32,74,255,41.95244602186583
140,35,91,255,33.0236184860138
150,35,104,255,36.43907860062182
158,37,114,255,42.10752825742994
165,44,124,255,48.23813020200753
168,49,131,255,53.815339767674224
170,64,138,255,59.47052729261313
143,42,112,255,39.52574626147375
124,24,94,255,51.30022156426209
121,21,91,255,54.723413907275386
146,44,117,255,41.96742049774571
156,49,121,255,42.72189154154376
176,68,130,255,54.03992386671188
123,23,57,255,55.98136248373137
137,39,40,255,50.077674021641414
154,44,47,255,38.05068163101652
166,47,51,255,34.74230794736248
181,58,61,255,32.38575818444517
190,68,67,255,37.54805590853448
193,78,73,255,41.44429593381613
196,85,76,255,46.76499897047485
198,87,78,255,49.34577588094156
187,53,52,255,43.46314531776303
159,14,17,255,79.71521632936846
225,107,43,255,90.81547638872853
210,82,21,255,83.05873344282334
214,92,27,255,84.68018677233125
158,111,81,255,48.85774329336373
127,103,117,255,61.732255847235976
81,73,88,255,75.55915282738988
90,80,91,255,68.5985936127077
117,30,64,255,52.72907077757337
129,32,77,255,40.26356531746533
144,35,93,255,32.091709237199524
151,36,105,255,36.232950246344764
157,39,113,255,40.071558142228525
163,45,123,255,46.592131133423116
173,59,136,255,58.429747699681634
162,59,132,255,52.14187918883661
129,27,100,255,48.18630926180184
127,27,99,255,48.920968800162036
128,28,100,255,48.023758939073346
166,64,138,255,58.61666098930342
156,48,124,255,45.883798406240885
146,38,100,255,32.55313107469115
124,28,56,255,52.447308675292994
147,41,45,255,42.09758752289002
154,39,44,255,43.17730066496485
173,54,58,255,29.633926529435218
189,71,71,255,35.976803789714786
187,74,68,255,35.928950949825214
192,81,72,255,41.986714464712705
200,89,80,255,52.02928085103343
209,84,80,255,57.862523493027375
163,29,28,255,62.4864735595616
211,91,30,255,80.3633869862336
204,78,19,255,79.86704377541571
230,113,44,255,97.30439408068507
118,80,44,255,55.11913958239759
90,66,79,255,65.5200646117484
103,95,108,255,67.69891415291539
114,34,61,255,53.71475619289237
120,30,66,255,49.97465018576796
134,32,80,255,37.02599978562247
144,35,93,255,32.091709237199524
152,37,104,255,34.71828286245227
161,45,118,255,41.75155045946459
165,51,128,255,49.85853529651721
176,63,141,255,64.0324336734779
172,64,140,255,61.91644938829543
145,41,116,255,42.74466947762157
140,40,113,255,42.36470359396072
127,30,101,255,47.63879733539266
139,42,113,255,41.73365336349326
162,55,133,255,53.52330970170072
175,62,142,255,64.66544734852758
132,23,80,255,45.66608275075755
138,35,42,255,50.161679554164344
151,42,47,255,39.26950457032017
165,52,56,255,28.122644373859806
180,66,66,255,28.747148876682015
180,67,63,255,30.49976441287695
188,75,67,255,37.48895834399909
199,86,78,255,49.725693307664365
201,88,80,255,52.38974177748442
204,89,82,255,55.51904618895103
179,56,51,255,38.19484065791043
198,131,42,255,89.55025633013962
212,107,42,255,81.74660356697521
201,76,18,255,78.4903842618525
216,92,30,255,84.24892282191585
117,96,101,255,55.14446373455997
134,118,119,255,71.14311766064482
99,92,108,255,69.50256280360999
102,91,105,255,65.46700634652404
114,31,61,255,55.34951637163896
121,29,66,255,49.93099877656825
133,31,79,255,38.4435225471485
146,37,95,255,30.625451349303525
158,45,114,255,37.86282420418522
166,50,125,255,47.46346900677261
171,57,135,255,57.0459360877633
174,63,142,255,64.37376098341163
164,57,135,255,55.540842179496785
147,45,119,255,43.110654065911945
133,36,107,255,43.561180164378165
123,31,98,255,48.316264356207974
159,62,131,255,50.750514834546856
164,50,135,255,56.62865281230733
175,63,129,255,52.431082163587185
145,44,50,255,36.91499684942808
152,47,51,255,33.25839162176299
163,55,55,255,27.45778550682021
172,60,56,255,29.578477335163274
186,71,66,255,34.93548375802358
191,76,69,255,39.838441786012176
199,84,77,255,48.859628716066595
200,85,78,255,50.14263208651575
207,92,85,255,59.7614021974575
199,84,79,255,48.762188950051524
195,125,37,255,85.97670546550458
215,120,52,255,87.73233117739625
205,87,26,255,77.66452018308414
206,80,21,255,80.0174052941469
228,114,43,255,96.69568028395851
157,109,69,255,48.174760136663075
131,111,112,255,63.0478565960832
104,93,107,255,65.5589001475728
95,81,94,255,64.70012135837449
125,30,70,255,45.491532241784505
140,36,87,255,31.115150042195587
155,43,107,255,32.83482812624708
166,50,123,255,45.588300442418515
171,54,133,255,55.49815313064921
176,61,144,255,66.88607337368238
174,62,144,255,66.28650063159324
147,45,121,255,44.91120402437879
132,36,107,255,44.08365626376497
118,28,92,255,52.002439688992894
137,45,110,255,38.887747794074194
162,44,130,255,53.270605975311426
162,54,112,255,33.33248543954567
133,38,44,255,49.10549439983992
141,42,45,255,43.214922873394734
149,45,46,255,38.97615742422993
167,55,53,255,30.598576812270466
185,67,63,255,34.65939941630758
184,65,59,255,35.818339075374844
202,83,77,255,51.14017629389755
202,87,80,255,52.78564218750472
204,93,84,255,57.64656974220507
190,120,32,255,82.92703245168686
197,127,41,255,86.47844878473694
215,103,40,255,82.74278025676352
203,79,19,255,79.46763934953891
215,93,28,255,85.11024771488275
120,78,53,255,47.450947216618424
112,86,85,255,49.70195788423637
136,104,105,255,52.233921871684366
146,113,120,255,65.09405218021841
112,105,123,255,74.36637032282667
113,99,114,255,65.42902776267908
119,28,61,255,53.5807916229775
133,31,78,255,38.49234403577926
146,37,95,255,30.625451349303525
159,41,115,255,40.764816208706264
167,48,130,255,52.90624311003777
176,58,144,255,67.00776627423184
174,60,145,255,67.28303398520939
156,52,129,255,49.68719250359753
135,39,110,255,42.80688557296809
119,31,92,255,49.33728277506284
124,34,95,255,44.67262595779624
166,61,128,255,48.80336167318957
164,44,133,255,56.34629025794969
173,56,137,255,59.62024171726608
132,35,80,255,35.89171763720979
135,41,42,255,48.36303581326199
144,42,43,255,43.996190848978
160,48,47,255,36.57013999642524
176,56,55,255,33.27459023858257
184,61,56,255,37.60248694358083
200,78,73,255,47.886149767663866
197,82,75,255,46.38127693033342
200,89,80,255,52.02928085103343
202,95,85,255,57.167236457919415
186,114,32,255,77.19229171194186
191,119,37,255,79.83577563473987
202,131,49,255,88.81320968735729
200,84,23,255,75.87029495744711
206,80,21,255,80.0174052941469
227,110,43,255,93.84866625297617
210,120,49,255,85.47041573415457
133,97,107,255,49.19620425561366
142,112,124,255,67.53378246534047
102,90,104,255,64.66155235853567
116,102,115,255,65.82955737293229
122,26,63,255,52.23863136488913
136,30,79,255,37.62922719020624
147,32,97,255,35.49324218114768
160,42,118,255,42.95670177923403
172,54,138,255,60.52662266281042
171,57,144,255,65.71479066624264
169,65,144,255,65.11964294751319
143,45,118,255,43.190901201524944
123,33,95,255,46.0094246012455
116,26,87,255,53.92106856907393
132,33,97,255,40.953924288778566
155,38,119,255,45.58737769572668
131,39,42,255,51.05893831599566
142,42,42,255,45.39829949780183
153,39,39,255,47.50633897344149
166,44,43,255,42.911197600477614
185,61,59,255,36.536096144316886
193,71,66,255,41.206088136688436
186,71,64,255,35.805031384967144
195,84,75,255,45.51862140285791
192,84,74,255,43.070616605262366
189,112,40,255,72.37462631654351
192,116,40,255,76.57012666854867
193,121,36,255,82.69860887821001
201,102,35,255,75.64173625690238
201,74,21,255,75.79138915981513
214,88,30,255,81.4689566694363
154,105,72,255,43.61927761941637
102,71,89,255,54.79646972780005
119,91,106,255,53.00663305547565
136,112,125,255,69.61184988312317
121,110,127,255,75.10023302835343
119,109,120,255,71.29764259850123
93,81,91,255,66.02241088397301
120,32,56,255,52.537265600127434
121,24,57,255,56.48067191674966
134,28,77,255,40.49590436511521
145,33,97,255,35.184138403010365
164,51,131,255,52.558515043476966
163,51,137,255,58.220727362595774
170,62,147,255,68.2041136915411
156,54,130,255,50.301077081366515
132,35,102,255,41.899650084031954
123,32,93,255,46.06311658054848
118,33,92,255,48.857928569338426
137,45,112,255,40.43197597724071
164,52,126,255,47.53679428978801
161,49,123,255,44.97428274552272
163,50,120,255,42.153748405573104
145,45,45,255,40.69479450946414
156,42,42,255,43.38102056815774
161,39,38,255,48.64431835320788
176,56,55,255,33.27459023858257
180,62,60,255,31.947778473139426
185,72,68,255,33.54604001517905
192,79,75,255,40.62608079476277
195,80,73,255,44.03614857256115
185,106,37,255,68.37479136030137
186,110,35,255,72.65746189312638
186,114,29,255,79.10700519137706
198,127,39,255,87.88766704730166
207,117,47,255,82.33088812443444
206,82,30,255,74.09532656233033
204,73,21,255,77.48799251415397
224,112,40,255,93.89012144558308
223,115,50,255,90.99061529776293
103,77,44,255,65.47746529945893
113,90,106,255,56.79690529766759
127,106,115,255,62.62658963529383
137,115,118,255,67.37964267432247
87,81,91,255,71.71968162605285
115,105,114,255,67.7700903792209
120,28,53,255,56.33078986630647
128,27,67,255,46.579660896357936
136,29,85,255,38.74084804985885
150,39,115,255,42.03289010707262
165,53,137,255,58.16533168722293
169,61,146,255,67.02820965949236
160,56,135,255,55.16689033274764
139,38,106,255,38.88079123976979
126,35,96,255,42.99850476456827
112,31,89,255,54.14778082352162
123,37,102,255,46.39880437868359
157,45,121,255,44.14853252641215
146,35,94,255,31.851797652448756
131,33,34,255,59.99710017715006
153,40,42,255,44.408924352525624
158,40,40,255,46.159540161031096
157,41,41,255,44.75832935562256
169,53,53,255,31.930406483600883
182,68,67,255,30.33471873377757
191,75,75,255,38.20989417189711
197,79,75,255,45.18314707278301
176,96,27,255,66.44634992517177
184,108,33,255,71.82664060199052
186,118,33,255,79.32949348501626
191,123,38,255,82.20869606099002
215,95,43,255,77.61797339047996
202,72,22,255,75.33690221119262
209,89,26,255,80.91814225738808
91,69,81,255,64.75554306525042
120,97,103,255,54.539814143353865
129,107,109,255,59.343158797966396
139,116,122,255,69.95695661144629
122,111,128,255,75.91485516817369
125,115,124,255,74.91987381813831
108,95,104,255,62.283270709594724
121,23,61,255,55.64596226078728
131,27,78,255,42.90653159510969
138,29,97,255,41.01457254022522
158,49,128,255,49.490226182560065
162,55,135,255,55.4908319846875
165,61,138,255,58.429437850417116
150,49,119,255,41.175554125828164
131,35,99,255,41.020011945874884
121,36,95,255,45.652578097649375
122,33,97,255,47.382984681578606
152,50,126,255,47.35100229539367
174,63,140,255,62.46193521034041
161,46,131,255,53.45026707043916
122,20,67,255,55.46564677490918
139,37,38,255,51.96694755092603
152,42,43,255,42.63010850411633
156,44,43,255,41.584783300997756
168,54,54,255,30.36701758547458
180,64,65,255,29.06918147939675
187,71,71,255,34.116199604592204
193,75,73,255,40.397074091599606
176,93,23,255,68.29667519164853
181,105,30,255,70.8802200708499
183,118,36,255,76.44133150846682
185,120,38,255,77.53268750256836
196,120,45,255,78.98929745015529
220,106,52,255,83.04239044690746
206,80,30,255,73.58654794313075
202,76,18,255,79.07558465989923
221,108,38,255,90.5315933172471
213,120,51,255,86.71967897710849
145,108,56,255,52.90157291908638
112,87,91,255,51.091257240433954
126,102,102,255,53.9855249784261
138,117,116,255,67.6230252348566
139,117,120,255,69.57051613652854
88,80,91,255,70.50781311442132
121,109,119,255,69.73897976815084
96,80,90,255,62.7436783713457
131,29,76,255,41.444180300558386
133,27,89,255,42.61535439360989
145,38,110,255,39.64766625764537
152,46,121,255,43.87052855475269
167,61,136,255,56.83244487130892
166,63,134,255,54.66597433122165
138,39,104,255,37.41108387718978
125,35,96,255,43.68825636549221
126,36,98,255,43.15006205109205
130,30,102,255,46.371563389881814
156,42,127,255,50.81970528252249
177,64,144,255,67.21354438927315
172,69,122,255,45.32218418142219
145,45,47,255,38.968629089257945
149,43,45,255,40.76468558571668
156,46,47,255,37.11343541414524
168,52,53,255,31.824118218428385
178,59,61,255,29.946335670367347
184,66,66,255,32.237078643460194
178,96,22,255,71.1358796355258
171,98,21,255,71.06161552572513
168,107,26,255,71.56443104724113
175,114,34,255,72.22778764175358
194,117,45,255,75.78382219127188
218,113,56,255,84.21745432035803
206,86,34,255,72.64549321615937
201,69,20,255,75.96872609061563
212,88,28,255,81.31597513659037
209,121,41,255,88.76712215915781
113,79,52,255,53.707201856589265
120,96,94,255,50.79200476961726
127,103,99,255,53.070534533117076
135,111,111,255,61.10334700998355
124,116,131,255,80.25618761528766
113,103,114,255,67.75863365175553
114,101,111,255,64.46371919537208
87,71,81,255,68.96076469225582
126,30,68,255,45.334307323574514
129,29,81,255,42.431404969003225
133,29,92,255,41.7125573380203
146,39,109,255,38.03248507579781
159,51,126,255,47.118359294394246
174,68,140,255,62.72429195056725
153,50,119,255,40.57854052155818
124,28,91,255,47.63670710211607
125,31,93,255,45.36140820654285
129,33,97,255,42.73875187059302
152,51,121,255,42.278442806619594
165,54,131,255,52.17577255388332
142,42,94,255,27.815232758992853
131,42,44,255,48.24115468324569
140,41,44,255,44.83870342306583
146,37,40,255,48.52324252160763
158,43,46,255,39.469893297947046
176,57,61,255,28.761611645166266
184,65,67,255,31.700227535983313
174,97,19,255,72.96108388241208
166,95,15,255,73.9022701504788
163,104,24,255,70.58495327788349
173,114,36,255,70.43383934649339
191,114,42,255,73.63509355628545
206,119,52,255,81.18204379134478
212,116,55,255,82.10234953784838
213,102,47,255,77.55701640928574
201,71,22,255,74.59807287692709
203,73,21,255,76.86469486143787
221,113,41,255,91.83433164362674
220,126,38,255,100.18981057249799
106,85,80,255,54.39899391274773
124,101,95,255,51.99755519624837
127,103,101,255,53.8049197430813
80,72,87,255,76.31621938815536
120,108,120,255,70.13553177769026
110,97,107,255,63.083200262293154
124,27,70,255,48.306995018176714
127,27,79,255,45.25907267123303
142,36,100,255,35.37991367496269
146,39,109,255,38.03248507579781
165,58,130,255,50.71826224855921
167,61,133,255,53.89986234358486
137,36,102,255,38.64178704354021
121,25,86,255,50.98732595193387
129,38,97,255,39.48980073304184
128,33,97,255,43.36350128534929
170,66,141,255,62.47089423120265
161,53,129,255,49.80385655392113
165,59,133,255,53.58770796556282
126,26,76,255,46.8495002304134
138,46,51,255,37.79741492387934
144,39,44,255,44.634097004380855
156,41,46,255,40.401977195384546
170,51,57,255,29.7589759838139
175,59,62,255,27.06296165152202
173,103,18,255,76.57858942077414
166,100,16,255,75.39650429786454
163,106,27,255,69.45577469746961
173,111,36,255,68.2584767981245
183,109,38,255,68.89591210553314
195,110,43,255,72.44947750018882
205,118,51,255,80.22159310215687
207,82,34,255,72.14776914061376
198,68,18,255,75.75993596625858
211,88,28,255,80.62307451767734
221,115,37,255,94.71909175433441
149,112,68,255,51.69727619706093
115,95,88,255,52.580961012298786
127,102,98,255,51.95833974513238
142,116,117,255,66.43327027332802
123,115,130,255,79.36016265260834
101,90,104,255,65.48976015900517
111,99,113,255,66.24423342481856
95,82,92,255,64.60794564877904
119,28,61,255,53.5807916229775
126,29,72,255,45.13985197438899
135,32,87,255,37.0518483089145
138,32,98,255,39.06590722624089
150,40,113,255,39.83522044523467
166,59,131,255,51.82048204914179
159,54,121,255,41.60079891734713
134,36,97,255,37.70073368519246
117,28,82,255,51.454905511840906
120,31,89,255,47.97544694909231
156,56,128,255,48.02965732553816
155,48,126,255,47.7870593506398
178,73,132,255,57.376475234987694
129,39,48,255,47.791872795270685
139,36,43,255,48.50994052755032
151,36,43,255,45.86617863705262
156,37,43,255,45.09227618473052
157,40,46,255,40.96289466007201
180,115,25,255,80.36333397885711
167,103,16,255,77.08791473607958
155,96,18,255,70.94054910863916
163,99,27,255,65.26962393146395
179,105,34,255,67.36887833180948
191,111,40,255,72.64938526805801
197,117,46,255,76.90289061912773
208,117,52,255,81.07898734821119
209,98,45,255,73.52208926623118
196,70,20,255,73.17634655589663
204,73,17,255,80.59412806164161
230,111,43,255,96.65797354979692
98,78,71,255,60.261210392891115
120,95,91,255,49.40169459672414
127,99,98,255,49.69872230533761
141,112,114,255,61.77511911523166
87,81,95,255,72.42021981739407
110,97,114,255,66.3415201105827
120,108,120,255,70.13553177769026
86,75,81,255,70.5666646483482
116,32,56,255,55.31124303260428
124,30,66,255,47.22601329899016
125,26,73,255,47.853279665190186
138,33,92,255,35.93397471362115
137,27,98,255,43.46370887531801
158,48,121,255,43.11619953399001
169,60,128,255,49.57643012262168
154,54,116,255,36.58372246753717
124,39,94,255,41.3550853460621
142,47,115,255,40.120468961204594
163,56,136,255,56.48232173560695
160,53,133,255,53.62081653396578
164,52,134,255,55.26027346172123
148,54,107,255,28.825819242704867
134,33,41,255,53.49749683968526
150,39,46,255,41.83224085218127
154,37,45,255,43.4670655667645
153,40,46,255,41.001561775201175
198,138,42,255,95.03277981551754
179,118,29,255,79.42757302480378
158,95,16,255,72.29196406244361
158,90,17,255,69.24975446881186
168,94,21,255,68.51901515307779
188,112,37,255,73.64202086672195
188,115,38,255,75.13386176742532
200,120,47,255,80.26597993872794
203,107,47,255,73.3884021318979
199,84,30,255,70.09851014428668
201,65,13,255,81.40801832864703
218,88,26,255,86.839196598516
219,112,42,255,89.42485291761369
170,123,81,255,62.51716063330085
121,96,92,255,49.5938268670588
129,101,98,255,50.115024837248306
137,109,108,255,57.35996288092471
142,113,115,255,62.906164848867235
136,113,119,255,66.68519382486924
103,92,109,255,66.72091713743593
113,102,116,255,68.18468667659637
108,98,106,255,64.67920557258606
120,23,64,255,55.3082008167894
136,31,87,255,37.342716033285434
143,34,101,255,37.081699740600776
140,28,100,255,42.34115533872192
163,52,121,255,42.57134906596659
162,60,123,255,43.187375091109274
125,38,89,255,39.80782183559211
151,59,124,255,43.96066660755635
158,54,131,255,51.35034145429958
161,47,132,255,54.108627929947026
171,52,136,255,58.665486021290796
122,36,85,255,42.70745590702363
126,29,40,255,59.98168211555416
147,40,48,255,40.15432497931586
146,35,42,255,47.97765560703966
143,34,39,255,51.593915482971425
193,129,39,255,87.0996042502542
165,98,19,255,71.69392890480724
162,93,18,255,69.8735222503425
167,95,19,255,70.54593331286556
176,105,27,255,71.4439334670271
185,114,34,255,75.55746147759695
192,119,42,255,77.69928005621271
197,114,46,255,74.79537763317987
200,95,37,255,70.32760139863204
200,64,14,255,79.99208065073805
212,75,20,255,83.74332110356018
223,113,38,255,94.57921639822308
135,92,60,255,41.45330148879421
99,74,70,255,58.54145974350322
124,94,92,255,46.16311608116374
123,93,91,255,45.934878382675606
136,108,107,255,56.4016409992587
138,112,115,255,63.08554679933032
104,95,112,255,68.67551347512979
120,109,125,255,73.70740051146062
109,99,108,255,65.33501162666899
96,87,92,255,65.40059448633819
126,24,72,255,48.9363135696848
138,30,90,255,37.85573556943488
145,34,102,255,37.036626028563326
152,41,110,255,36.59367683202354
160,56,119,255,39.388878703972075
142,53,107,255,31.194761716151497
109,25,77,255,59.57365614741371
135,45,107,255,37.697612174238465
158,58,130,255,49.868712148923805
173,59,146,255,68.01819007362434
162,42,131,255,54.90777683761669
171,77,137,255,60.56484441468297
137,36,44,255,48.46692553677749
139,37,41,255,49.55093608756214
135,33,37,255,56.13567787055278
195,129,35,255,89.93209043582199
203,133,45,255,92.34801436434095
172,99,20,255,72.62427750063426
168,94,19,255,70.25928895611638
166,95,17,255,72.13898589752283
164,96,15,255,74.09250223893736
177,109,26,255,74.91644799969956
184,116,33,255,77.17263647779754
191,119,43,255,76.74121663087229
203,109,45,255,75.54142701019225
201,71,19,255,76.96844059456028
205,65,12,255,84.52131235765052
206,87,21,255,81.85820655669592
215,110,27,255,93.19430305149437
114,84,82,255,46.80631307211667
125,95,93,255,46.45485465066916
138,110,109,255,58.35396795414053
136,107,109,255,56.57794773798411
99,88,104,255,66.3577875612883
113,103,114,255,67.75863365175553
112,101,109,255,64.85883135015521
97,86,92,255,64.11611916516964
131,27,80,255,42.842247915472335
148,40,102,255,31.870783036342583
145,34,102,255,37.036626028563326
152,46,112,255,35.69913706932504
154,61,118,255,37.66745721682522
117,30,85,255,50.33364988570907
114,24,85,255,56.528233362163135
142,47,113,255,38.40786738076372
157,53,128,255,48.53194391586546
158,38,128,255,53.488567905176154
168,50,138,255,60.23592466009244
154,64,118,255,37.69009688855812
132,40,41,255,50.907245685853034
128,37,36,255,57.929194192428795
177,99,14,255,78.9041238615659
197,119,36,255,83.21510200153563
178,101,23,255,72.85190936731564
172,96,20,255,71.15180680911477
165,94,14,255,74.2194401696924
161,93,10,255,77.02045463526484
168,100,15,255,76.55589016749032
179,111,26,255,76.7725660411754
186,119,38,255,77.18132292858618
201,117,45,255,79.57789504654994
206,85,30,255,74.95214132141867
198,62,12,255,80.56483412910734
196,70,12,255,79.90511049710209
221,117,46,255,92.12512475506685
220,117,42,255,92.99384623483269
162,120,80,255,58.16170634571378
123,93,93,255,46.43813955101825
127,99,98,255,49.69872230533761
132,103,105,255,53.07526008485368
141,115,118,255,66.39914847229515
106,98,113,255,69.17146401000817
81,70,87,255,75.094844225426
115,103,117,255,68.09096415244132
109,97,107,255,63.80660222579599
115,104,110,255,65.2322079501731
122,23,69,255,52.7506568241115
139,34,91,255,34.318843513182614
147,38,105,255,35.54058796389377
145,38,106,255,36.75543407198908
151,55,118,255,38.55907402170584
132,41,100,255,37.18205299349071
114,24,86,255,56.61876935709126
127,30,97,255,46.04866453769664
161,60,130,255,49.98648652164705
170,54,143,255,64.82496508155323
151,35,124,255,51.603213526682616
126,33,80,255,41.446737005073466
122,41,38,255,57.9767888616331
124,41,37,255,57.59756510222736
162,66,0,255,80.73762879056719
184,95,17,255,76.87503694628268
183,102,23,255,75.08000883868866
174,98,20,255,72.60945067865852
167,96,16,255,73.6244916293902
165,97,16,255,73.8018910483921
162,92,7,255,79.46733782168434
175,105,20,255,76.55273232392884
180,114,28,255,77.65583292640969
194,115,40,255,76.85591026983546
210,101,42,255,77.19248485894119
194,68,18,255,73.58489808843309
195,63,14,255,77.29893879012948
205,89,28,255,76.95065190360005
220,114,38,255,93.01168669260261
136,101,69,255,44.83187449899938
111,81,81,255,48.210558941566404
119,90,92,255,47.24108579702064
131,102,104,255,52.306433627069836
134,105,109,255,55.74505766960071
101,88,105,255,65.03856688117176
113,99,112,255,64.4241408250105
114,101,108,255,63.09389402396092
109,97,101,255,61.54526162764289
123,21,71,255,53.25589015164205
140,34,98,255,36.656484052132065
143,36,106,255,38.69637215767627
148,45,114,255,38.490476476665506
149,53,117,255,38.301509073300416
113,24,82,255,57.10080445950452
109,21,79,255,62.07441904130512
133,41,104,255,38.85470677279235
157,42,133,255,56.39426718665663
159,43,134,255,57.074874275318784
123,56,48,255,46.22212490268
131,61,51,255,38.206298593873115
152,48,0,255,81.69609295236761
177,81,7,255,78.7649490914952
185,102,24,255,75.08439877328145
178,102,24,255,72.61000802247403
169,98,18,255,73.18883956089034
170,102,21,255,72.95080735521532
162,90,6,255,79.67230713246407
170,100,15,255,76.91046518387533
175,109,23,255,76.5854243053824
187,110,32,255,74.98388364902
212,108,47,255,80.08929558407708
197,75,26,255,69.65121730641532
196,61,16,255,76.12282166701894
192,71,16,255,74.5757347170024
208,125,45,255,89.22244434517525
112,82,84,255,47.830596700006744
125,95,97,255,47.69726434998231
131,102,106,255,53.23956002552716
138,113,117,255,64.98340294255904
110,101,118,255,70.57228603937618
128,114,127,255,74.87171318607436
111,98,105,255,62.11101963606307
115,103,105,255,62.461611263536604
92,80,82,255,65.86340025329521
124,18,82,255,54.25287157741437
141,34,106,255,40.741336533187415
145,39,111,255,39.80891867707287
154,55,120,255,40.297803234604814
124,35,93,255,43.424928867326535
117,27,88,255,52.65455222411992
162,59,132,255,52.14187918883661
171,58,148,255,69.52681431117946
154,35,127,255,54.00228031174479
175,55,144,255,66.96362447659858
158,71,106,255,27.210813796989925
124,50,65,255,37.03277275021416
128,64,64,255,31.968339233889694
137,77,67,255,27.128736122360976
137,73,61,255,28.81371729623521
